{"stats":{"minecraft:used":{"minecraft:stone_brick_wall":9,"minecraft:waxed_oxidized_copper_bulb":3,"minecraft:repeater":81,"minecraft:magenta_concrete":2,"minecraft:waxed_weathered_cut_copper":2,"minecraft:ancient_debris":6,"minecraft:waxed_weathered_copper":1,"minecraft:white_banner":3,"minecraft:iron_block":7,"minecraft:mud":34,"minecraft:structure_block":14,"minecraft:sticky_piston":32,"minecraft:light_gray_concrete":1,"minecraft:glass":133,"minecraft:pale_oak_sign":14,"minecraft:detector_rail":1,"minecraft:waxed_exposed_cut_copper_stairs":3,"minecraft:powder_snow_bucket":3,"minecraft:smooth_quartz":22,"minecraft:hopper_minecart":2,"minecraft:bow":12,"minecraft:oak_shelf":1,"minecraft:cut_copper_stairs":27,"minecraft:waxed_exposed_cut_copper":2,"minecraft:polished_diorite":8,"minecraft:waxed_exposed_copper":2,"minecraft:anvil":1,"minecraft:white_stained_glass_pane":4,"minecraft:birch_fence_gate":1,"minecraft:waxed_cut_copper":2,"minecraft:dirt":37,"minecraft:wind_charge":1,"minecraft:redstone_block":5,"minecraft:dispenser":1,"minecraft:rail":53,"minecraft:waxed_copper_bulb":27,"minecraft:bucket":1,"minecraft:iron_trapdoor":75,"minecraft:light_blue_concrete":36,"minecraft:spyglass":10,"minecraft:powered_rail":7,"minecraft:chiseled_bookshelf":15,"minecraft:brick_wall":43,"minecraft:quartz_stairs":3,"minecraft:dropper":32,"minecraft:black_stained_glass":23,"minecraft:smooth_stone_slab":6,"minecraft:iron_door":5,"minecraft:string":2,"minecraft:observer":191,"minecraft:honeycomb":24,"minecraft:red_concrete":15,"minecraft:orange_concrete":76,"minecraft:bamboo":30,"minecraft:oak_boat":1,"minecraft:tnt":3,"minecraft:husk_spawn_egg":1,"minecraft:rooted_dirt":1,"minecraft:waxed_oxidized_cut_copper_stairs":3,"minecraft:minecart":14,"minecraft:smooth_stone":7,"minecraft:lava_bucket":1,"minecraft:piston":74,"minecraft:redstone":295,"minecraft:oak_slab":7,"minecraft:white_stained_glass":123,"minecraft:spruce_door":1,"minecraft:copper_block":38,"minecraft:cherry_sign":2,"minecraft:hopper":18,"minecraft:note_block":10,"minecraft:crafting_table":2,"minecraft:pale_oak_button":5,"minecraft:target":42,"minecraft:copper_trapdoor":7,"minecraft:cyan_concrete":21,"minecraft:light_blue_glazed_terracotta":3,"minecraft:gold_block":2,"minecraft:book":193,"minecraft:waxed_oxidized_copper":1,"minecraft:black_glazed_terracotta":1,"minecraft:polished_diorite_slab":1,"minecraft:smooth_quartz_slab":2,"minecraft:black_concrete":100,"minecraft:pale_oak_shelf":3,"minecraft:slime_block":10,"minecraft:soul_sand":33,"minecraft:water_bucket":21,"minecraft:polished_blackstone_button":11,"minecraft:furnace":1,"minecraft:chiseled_stone_bricks":52,"minecraft:lever":35,"minecraft:iron_chain":7,"minecraft:white_concrete":725,"minecraft:tripwire_hook":2,"minecraft:stone_button":8,"minecraft:debug_stick":10,"minecraft:waxed_weathered_cut_copper_stairs":3,"minecraft:redstone_lamp":112,"minecraft:comparator":39,"minecraft:breeze_spawn_egg":9,"minecraft:waxed_oxidized_cut_copper":2,"minecraft:redstone_torch":82,"minecraft:flint_and_steel":3,"minecraft:chest":8,"minecraft:dead_horn_coral_fan":1,"minecraft:carved_pumpkin":2,"minecraft:sandstone":50,"minecraft:ender_pearl":2},"minecraft:picked_up":{"minecraft:pale_oak_sign":4,"minecraft:iron_door":3,"minecraft:dirt":2,"minecraft:cherry_sign":7,"minecraft:rail":1,"minecraft:poppy":3,"minecraft:redstone_torch":11,"minecraft:tripwire_hook":1,"minecraft:bamboo":73,"minecraft:glass":1,"minecraft:breeze_rod":1,"minecraft:lever":6,"minecraft:redstone":46,"minecraft:repeater":16,"minecraft:iron_ingot":8,"minecraft:rotten_flesh":1,"minecraft:gold_ingot":5,"minecraft:diamond":33,"minecraft:ladder":5,"minecraft:sandstone":140,"minecraft:white_banner":1,"minecraft:diamond_block":7,"minecraft:comparator":2},"minecraft:crafted":{"minecraft:iron_ingot":1},"minecraft:killed":{"minecraft:husk":1,"minecraft:breeze":1},"minecraft:dropped":{"minecraft:mud":1,"minecraft:bamboo":10},"minecraft:custom":{"minecraft:time_since_rest":531425,"minecraft:leave_game":54,"minecraft:damage_taken":10,"minecraft:mob_kills":2,"minecraft:time_since_death":531425,"minecraft:interact_with_furnace":1,"minecraft:total_world_time":869171,"minecraft:crouch_one_cm":6364,"minecraft:climb_one_cm":4073,"minecraft:minecart_one_cm":376,"minecraft:inspect_dropper":133,"minecraft:walk_one_cm":136278,"minecraft:walk_under_water_one_cm":720,"minecraft:play_time":531425,"minecraft:damage_dealt":502,"minecraft:jump":329,"minecraft:drop":2,"minecraft:target_hit":63,"minecraft:sprint_one_cm":16875,"minecraft:open_chest":14,"minecraft:inspect_hopper":11,"minecraft:tune_noteblock":35,"minecraft:fly_one_cm":1927744,"minecraft:interact_with_anvil":1,"minecraft:walk_on_water_one_cm":2916,"minecraft:sneak_time":20460}},"DataVersion":4554}