{"stats":{"minecraft:killed":{"minecraft:husk":2,"minecraft:chicken":6,"minecraft:pig":4,"minecraft:villager":9,"minecraft:cat":1},"minecraft:picked_up":{"minecraft:pale_oak_sign":4,"minecraft:red_wool":112,"minecraft:stone_button":1,"minecraft:lever":2,"minecraft:redstone":2855,"minecraft:honey_bottle":20,"minecraft:lead":1,"minecraft:wooden_axe":19,"minecraft:porkchop":5,"minecraft:oak_pressure_plate":2,"minecraft:stick":5,"minecraft:redstone_torch":10,"minecraft:feather":3,"minecraft:chicken":6,"minecraft:brown_egg":3,"minecraft:repeater":7,"minecraft:snowball":29,"minecraft:rotten_flesh":2,"minecraft:wind_charge":1,"minecraft:blue_concrete":1,"minecraft:honeycomb":54,"minecraft:glass_bottle":1,"minecraft:writable_book":10,"minecraft:barrel":1,"minecraft:comparator":6,"minecraft:netherite_sword":3},"minecraft:custom":{"minecraft:pig_one_cm":22124,"minecraft:trigger_trapped_chest":28,"minecraft:time_since_rest":32071612,"minecraft:leave_game":229,"minecraft:mob_kills":22,"minecraft:time_since_death":32071612,"minecraft:inspect_dispenser":14,"minecraft:total_world_time":48187901,"minecraft:crouch_one_cm":27580,"minecraft:climb_one_cm":3346,"minecraft:minecart_one_cm":1753,"minecraft:inspect_dropper":32,"minecraft:walk_one_cm":874020,"minecraft:walk_under_water_one_cm":187,"minecraft:damage_dealt":2650,"minecraft:interact_with_lectern":195,"minecraft:play_time":32071612,"minecraft:jump":1843,"minecraft:drop":93,"minecraft:target_hit":42,"minecraft:open_barrel":1822,"minecraft:sprint_one_cm":153178,"minecraft:open_chest":13,"minecraft:inspect_hopper":14,"minecraft:tune_noteblock":122,"minecraft:fly_one_cm":40916216,"minecraft:walk_on_water_one_cm":2996,"minecraft:sneak_time":1906692},"minecraft:dropped":{"minecraft:sandstone":1,"minecraft:red_concrete":1,"minecraft:redstone":37,"minecraft:repeater":5,"minecraft:stone_button":2,"minecraft:wind_charge":2,"minecraft:chicken":1,"minecraft:blue_concrete":1,"minecraft:stick":5,"minecraft:cyan_stained_glass":1,"minecraft:red_stained_glass":1,"minecraft:redstone_torch":4,"minecraft:lime_concrete":1,"minecraft:wooden_axe":19,"minecraft:comparator":1,"minecraft:barrel":7,"minecraft:oak_wood":1,"minecraft:redstone_lamp":1,"minecraft:lever":2},"minecraft:used":{"minecraft:stone_brick_wall":143,"minecraft:repeater":2498,"minecraft:magenta_concrete":1363,"minecraft:waxed_weathered_cut_copper":11,"minecraft:waxed_weathered_copper":19,"minecraft:pink_stained_glass_pane":3,"minecraft:iron_block":60,"minecraft:campfire":4,"minecraft:pink_wool":21,"minecraft:waxed_exposed_cut_copper_slab":6,"minecraft:sticky_piston":106,"minecraft:light_gray_concrete":325,"minecraft:wooden_axe":1,"minecraft:glass":156,"minecraft:oak_sign":23,"minecraft:bamboo_slab":1,"minecraft:beehive":6,"minecraft:cat_spawn_egg":1,"minecraft:waxed_oxidized_cut_copper_slab":20,"minecraft:lantern":1,"minecraft:pink_concrete":1000,"minecraft:quartz_block":18,"minecraft:raw_gold_block":4,"minecraft:deepslate_tile_slab":2,"minecraft:pale_oak_sign":44,"minecraft:oak_wood":2,"minecraft:detector_rail":20,"minecraft:blue_concrete":883,"minecraft:oak_log":2,"minecraft:sea_lantern":8,"minecraft:waxed_exposed_cut_copper_stairs":7,"minecraft:polished_deepslate_slab":32,"minecraft:purple_stained_glass":31,"minecraft:snowball":317,"minecraft:moss_block":22,"minecraft:orange_wool":251,"minecraft:bow":18,"minecraft:cobbled_deepslate_stairs":20,"minecraft:lime_stained_glass":84,"minecraft:waxed_exposed_cut_copper":20,"minecraft:cobbled_deepslate":65,"minecraft:netherrack":14,"minecraft:polished_diorite":3,"minecraft:dark_prismarine":44,"minecraft:waxed_exposed_copper":37,"minecraft:dirt_path":14,"minecraft:deepslate_brick_slab":8,"minecraft:red_stained_glass":560,"minecraft:podzol":4,"minecraft:pale_oak_trapdoor":179,"minecraft:stripped_warped_stem":6,"minecraft:honey_block":106,"minecraft:writable_book":12,"minecraft:bone_meal":4,"minecraft:calibrated_sculk_sensor":29,"minecraft:anvil":2,"minecraft:waxed_oxidized_copper_bars":5,"minecraft:waxed_cut_copper":28,"minecraft:warped_planks":21,"minecraft:light_blue_stained_glass":35,"minecraft:wind_charge":1673,"minecraft:redstone_block":22,"minecraft:pink_stained_glass":183,"minecraft:oak_leaves":23,"minecraft:dispenser":31,"minecraft:flowering_azalea_leaves":5,"minecraft:glow_ink_sac":2,"minecraft:copper_bulb":2,"minecraft:rail":29,"minecraft:waxed_copper_bulb":151,"minecraft:lectern":28,"minecraft:honeycomb_block":48,"minecraft:waxed_oxidized_copper_grate":1,"minecraft:light_blue_concrete":166,"minecraft:powered_rail":120,"minecraft:iron_trapdoor":87,"minecraft:spyglass":19,"minecraft:deepslate_tiles":23,"minecraft:brick_wall":15,"minecraft:brown_egg":2,"minecraft:dropper":8,"minecraft:yellow_wool":35,"minecraft:black_stained_glass":1,"minecraft:waxed_weathered_copper_bars":6,"minecraft:smooth_stone_slab":3,"minecraft:red_glazed_terracotta":10,"minecraft:oak_trapdoor":6,"minecraft:string":10,"minecraft:waxed_weathered_cut_copper_slab":7,"minecraft:cherry_leaves":18,"minecraft:observer":657,"minecraft:waxed_copper_bars":7,"minecraft:waxed_copper_trapdoor":2,"minecraft:deepslate":14,"minecraft:polished_deepslate":195,"minecraft:acacia_shelf":2,"minecraft:red_concrete":4821,"minecraft:orange_concrete":670,"minecraft:waxed_copper_block":214,"minecraft:deepslate_bricks":67,"minecraft:yellow_stained_glass":82,"minecraft:shroomlight":12,"minecraft:crimson_planks":5,"minecraft:command_block":3,"minecraft:green_stained_glass":20,"minecraft:waxed_exposed_copper_bars":9,"minecraft:waxed_oxidized_cut_copper_stairs":21,"minecraft:minecart":13,"minecraft:smooth_stone":155,"minecraft:piston":173,"minecraft:orange_stained_glass":116,"minecraft:light_blue_wool":8,"minecraft:polished_deepslate_stairs":5,"minecraft:redstone":4562,"minecraft:white_stained_glass":273,"minecraft:waxed_cut_copper_stairs":23,"minecraft:copper_block":26,"minecraft:pale_oak_planks":20,"minecraft:cobblestone":8,"minecraft:cherry_sign":3,"minecraft:hopper":7,"minecraft:resin_block":1,"minecraft:note_block":46,"minecraft:spruce_trapdoor":177,"minecraft:blue_stained_glass":36,"minecraft:oak_pressure_plate":2,"minecraft:target":174,"minecraft:light_gray_stained_glass":37,"minecraft:cyan_concrete":1056,"minecraft:gold_block":6,"minecraft:acacia_trapdoor":19,"minecraft:bone_block":2,"minecraft:magenta_stained_glass":116,"minecraft:waxed_oxidized_copper":164,"minecraft:waxed_oxidized_copper_trapdoor":14,"minecraft:scaffolding":12,"minecraft:pig_spawn_egg":3,"minecraft:black_concrete":427,"minecraft:magenta_stained_glass_pane":1,"minecraft:trapped_chest":5,"minecraft:water_bucket":21,"minecraft:slime_block":10,"minecraft:soul_sand":16,"minecraft:deepslate_tile_wall":9,"minecraft:cyan_stained_glass":141,"minecraft:purple_concrete":330,"minecraft:polished_blackstone_button":44,"minecraft:black_stained_glass_pane":1,"minecraft:green_concrete":276,"minecraft:purple_stained_glass_pane":1,"minecraft:gray_concrete":295,"minecraft:cut_copper_slab":7,"minecraft:barrel":686,"minecraft:yellow_concrete":345,"minecraft:red_wool":839,"minecraft:cyan_wool":7,"minecraft:pink_dye":2,"minecraft:lever":222,"minecraft:white_concrete":2783,"minecraft:oak_button":6,"minecraft:waxed_cut_copper_slab":40,"minecraft:chicken_spawn_egg":4,"minecraft:tripwire_hook":115,"minecraft:stone_button":244,"minecraft:polished_blackstone_brick_wall":2,"minecraft:deepslate_brick_stairs":41,"minecraft:waxed_weathered_cut_copper_stairs":1,"minecraft:white_wool":90,"minecraft:comparator":683,"minecraft:redstone_lamp":965,"minecraft:waxed_oxidized_cut_copper":5,"minecraft:smooth_quartz_stairs":2,"minecraft:deepslate_tile_stairs":1,"minecraft:redstone_torch":1400,"minecraft:sculk_sensor":1,"minecraft:warped_trapdoor":2,"minecraft:dark_oak_trapdoor":1,"minecraft:chest":7,"minecraft:lime_concrete":535,"minecraft:sandstone":50,"minecraft:ender_pearl":2}},"DataVersion":4556}